{"2": {"too_many_shared_rate": {"mean": [0.045, 0.011, 0.002, 0.001, 0.0], "lower": [-0.16230412441627884, -0.09330244484191157, -0.042676615807377354, -0.03060696125855822, 0.0], "upper": [0.2523041244162788, 0.11530244484191156, 0.04667661580737736, 0.03260696125855822, 0.0]}, "number_shared": {"mean": [2.692, 2.874, 2.952, 2.974, 2.983], "lower": [2.128851706919039, 2.510511348182643, 2.7290740033105156, 2.8087002722325294, 2.853728966895132], "upper": [3.2551482930809614, 3.2374886518173573, 3.1749259966894843, 3.139299727767471, 3.1122710331048684]}, "mixing_error": {"mean": [0.030124256618889705, 0.008698375012318793, 0.005442210060052684, 0.0036282506461722845, 0.002259703297958786], "lower": [0.013075544530366101, 0.0066589051881790935, 0.004529040249596314, 0.0030605077707881213, 0.0018908755362072815], "upper": [0.04812330029248425, 0.017875660930313914, 0.006966266368576664, 0.0043876504876164055, 0.0026427090391023893]}, "graph_error": {"mean": [0.6355842720645127, 0.5857563410090292, 0.5162752646476438, 0.3919142353657609, 0.05829997845333618], "lower": [0.406101065796227, 0.37664361778867445, 0.3167048383459622, 0.0563450565406395, 0.022677884597408784], "upper": [1.3807864863366301, 1.1813182115494214, 1.0226484153534798, 0.6830466543587079, 0.4819599025234662]}, "total_time": 2221.4883506298065}, "3": {"too_many_shared_rate": {"mean": [0.004, 0.004, 0.0, 0.001, 0.0], "lower": [-0.059118935352238, -0.059118935352238, 0.0, -0.03060696125855822, 0.0], "upper": [0.06711893535223801, 0.06711893535223801, 0.0, 0.03260696125855822, 0.0]}, "number_shared": {"mean": [1.4, 2.281, 2.666, 2.832, 2.958], "lower": [0.5293680456128432, 1.6042142140972522, 2.179744922905683, 2.4554684608163613, 2.7574108676921907], "upper": [2.2706319543871567, 2.957785785902748, 3.152255077094317, 3.2085315391836384, 3.1585891323078097]}, "mixing_error": {"mean": [0.020644172143976965, 0.009451664137134911, 0.006276787619632103, 0.004364523577340853, 0.002693445251420465], "lower": [0.015039921168215682, 0.007812605053568815, 0.0053855840892510255, 0.003766296228214488, 0.00233828388352221], "upper": [0.04029038293197108, 0.01188978109404035, 0.007496458682766111, 0.005117488694129787, 0.0031488766775201365]}, "graph_error": {"mean": [0.5724477432769496, 0.6258853283529382, 0.48733441970327895, 0.4222966105371452, 0.09520822015492368], "lower": [0.3943648671850332, 0.3940337889496396, 0.2903303110404843, 0.11202395359768308, 0.024494934492322106], "upper": [1.2875545019920736, 1.2292538147653422, 0.8633183621217241, 0.727427272914839, 0.5117757261477923]}, "total_time": 5846.256465673447}}