{"2": {"too_many_shared_rate": {"mean": [0.004, 0.004, 0.0, 0.001, 0.0], "lower": [-0.059118935352238, -0.059118935352238, 0.0, -0.03060696125855822, 0.0], "upper": [0.06711893535223801, 0.06711893535223801, 0.0, 0.03260696125855822, 0.0]}, "number_shared": {"mean": [1.4, 2.281, 2.666, 2.832, 2.958], "lower": [0.5293680456128432, 1.6042142140972522, 2.179744922905683, 2.4554684608163613, 2.7574108676921907], "upper": [2.2706319543871567, 2.957785785902748, 3.152255077094317, 3.2085315391836384, 3.1585891323078097]}, "mixing_error": {"mean": [0.020644172143976965, 0.009451664137134911, 0.006276787619632103, 0.004364523577340853, 0.002693445251420465], "lower": [0.015039921168215682, 0.007812605053568815, 0.0053855840892510255, 0.003766296228214488, 0.00233828388352221], "upper": [0.04029038293197108, 0.01188978109404035, 0.007496458682766111, 0.005117488694129787, 0.0031488766775201365]}, "graph_error": {"mean": [0.5724477432769496, 0.6258853283529382, 0.48733441970327895, 0.4222966105371452, 0.09520822015492368], "lower": [0.3943648671850332, 0.3940337889496396, 0.2903303110404843, 0.11202395359768308, 0.024494934492322106], "upper": [1.2875545019920736, 1.2292538147653422, 0.8633183621217241, 0.727427272914839, 0.5117757261477923]}, "total_time": 5846.256465673447}, "3": {"too_many_shared_rate": {"mean": [0.022, 0.04, 0.041, 0.038, 0.026], "lower": [-0.12468333238647125, -0.15595917942265425, -0.157290191386261, -0.15319623427254, -0.13313516267626085], "upper": [0.16868333238647124, 0.23595917942265426, 0.239290191386261, 0.22919623427254002, 0.18513516267626084]}, "number_shared": {"mean": [1.632, 1.914, 1.967, 1.938, 1.878], "lower": [0.6936098892251686, 0.961842450011554, 1.0047573071204958, 0.9924017766514152, 0.9468093643082528], "upper": [2.5703901107748313, 2.8661575499884457, 2.9292426928795043, 2.8835982233485846, 2.809190635691747]}, "mixing_error": {"mean": [0.06275926187741727, 0.05312259171859561, 0.0509648887955641, 0.05004966750631895, 0.04934115274457414], "lower": [0.036328902099168225, 0.02853915878502098, 0.02985145729630983, 0.009176001386031661, 0.005080189005838402], "upper": [0.0845475905573911, 0.07266820664228511, 0.07019022820266806, 0.06703865673673264, 0.06854513459117471]}, "graph_error": {"mean": [0.5506802423023422, 0.5675441671276158, 0.5814742190601226, 0.5608159014000945, 0.5464753842778387], "lower": [0.40494475560059884, 0.3965265352286734, 0.3736794589661568, 0.34888071563571654, 0.34430289119401253], "upper": [1.1520759182847442, 1.097896347175602, 1.3921397355200014, 1.1925766462742105, 0.9798620812405511]}, "total_time": 4008.8275487422943}, "4": {"too_many_shared_rate": {"mean": [0.004, 0.0, 0.0, 0.0, 0.0], "lower": [-0.059118935352238, 0.0, 0.0, 0.0, 0.0], "upper": [0.06711893535223801, 0.0, 0.0, 0.0, 0.0]}, "number_shared": {"mean": [1.408, 2.293, 2.663, 2.847, 2.953], "lower": [0.5399354862684456, 1.6139190033582151, 2.184010438527101, 2.4787731677348863, 2.727631413014147], "upper": [2.276064513731554, 2.972080996641785, 3.1419895614728985, 3.2152268322651136, 3.1783685869858527]}, "mixing_error": {"mean": [0.022365480664140465, 0.009701831290780828, 0.00642322214409449, 0.004463134121609978, 0.0027379485153147436], "lower": [0.015916915298259098, 0.008091797829055732, 0.005535871960015885, 0.0038368230114112787, 0.0023692285664807544], "upper": [0.04467967230210306, 0.012741178311521313, 0.007889652636260576, 0.005277493836470154, 0.0032304350700351446]}, "graph_error": {"mean": [0.7143339411756723, 0.9815267115503071, 0.9071954039274703, 0.8886399323737773, 0.9005546879413956], "lower": [0.4351178064458389, 0.5007796193502115, 0.4777590241225158, 0.48142321812664424, 0.4762387273541133], "upper": [1.6798002196541393, 2.0624979875080203, 2.139343610257562, 2.105954554756808, 2.0130189992283185]}, "total_time": 5789.4114112854}}