{"2": {"too_many_shared_rate": {"mean": [0.0, 0.0, 0.0, 0.0, 0.0], "lower": [0.0, 0.0, 0.0, 0.0, 0.0], "upper": [0.0, 0.0, 0.0, 0.0, 0.0]}, "number_shared": {"mean": [3.794, 4.268, 4.41, 4.384, 4.365], "lower": [2.9088084952960744, 3.5970484369196236, 3.855112624039797, 3.8449786646152124, 3.839857162288202], "upper": [4.679191504703926, 4.9389515630803755, 4.9648873759602035, 4.923021335384788, 4.890142837711799]}, "mixing_error": {"mean": [0.01586950678343077, 0.0066235387078180386, 0.004177660585101172, 0.002868401002717638, 0.0017570377458935734], "lower": [0.009650514590069168, 0.00534963935385869, 0.003492763581277764, 0.002425157124094488, 0.0015274455640177024], "upper": [0.02931263548676291, 0.009729145708269491, 0.0051664037582696, 0.0034370834174248044, 0.0020616241529066576]}, "graph_error": {"mean": [1.109281676873074, 0.5105349827235905, 0.16096732372629471, 0.07498097983488733, 0.04325645682207143], "lower": [0.6303349434444578, 0.23098616978707515, 0.08384947685838791, 0.049684502143267584, 0.029654863986862845], "upper": [2.374410085173392, 1.151513902482677, 0.5326312967147586, 0.15024049928095745, 0.06973670706253801]}, "total_time": 2893.9848849773407}, "3": {"too_many_shared_rate": {"mean": [0.0, 0.0, 0.0, 0.0, 0.0], "lower": [0.0, 0.0, 0.0, 0.0, 0.0], "upper": [0.0, 0.0, 0.0, 0.0, 0.0]}, "number_shared": {"mean": [2.098, 3.483, 3.915, 4.076, 4.108], "lower": [0.9753264054053823, 2.6011207565658436, 3.2922841739605455, 3.526250966349189, 3.6857015273529865], "upper": [3.2206735945946177, 4.364879243434157, 4.537715826039454, 4.62574903365081, 4.530298472647012]}, "mixing_error": {"mean": [0.015971045678040044, 0.007045148940533102, 0.004530422410126753, 0.003126239362583736, 0.0019397678086659044], "lower": [0.011548256472315643, 0.005846411171907926, 0.003925653675893156, 0.002690971069065582, 0.0017078429696890018], "upper": [0.02646633685117862, 0.008907132683519382, 0.005348395117852008, 0.0035828324032207894, 0.0022223561502503287]}, "graph_error": {"mean": [2.2137636866048584, 0.40161615006844076, 0.18991525964029965, 0.07705098239893234, 0.0430432429553884], "lower": [0.8424842548070507, 0.19804805810802809, 0.08283405047296, 0.04766863724598528, 0.031195679539525442], "upper": [2.7499037503295245, 1.0052464254584124, 0.4459276798798134, 0.15357506827319084, 0.06871338015128631]}, "total_time": 6064.9290137290955}, "4": {"too_many_shared_rate": {"mean": [0.0, 0.0, 0.0, 0.0, 0.0], "lower": [0.0, 0.0, 0.0, 0.0, 0.0], "upper": [0.0, 0.0, 0.0, 0.0, 0.0]}, "number_shared": {"mean": [0.993, 2.896, 3.656, 3.915, 4.019], "lower": [0.04171087465481871, 1.88843660249094, 3.00203975656008, 3.4172299727785935, 3.6386856563315026], "upper": [1.9442891253451813, 3.9035633975090596, 4.309960243439921, 4.4127700272214065, 4.399314343668498]}, "mixing_error": {"mean": [0.015170843822032473, 0.007470696584208466, 0.0048222978904724646, 0.0032817187797264703, 0.0020440702031767127], "lower": [0.011475154272137538, 0.006301844243054099, 0.0041829894187413565, 0.0028946735665407756, 0.001787603938683147], "upper": [0.02122666276999194, 0.009293050735280674, 0.005697775313538889, 0.0037899634503434174, 0.0023178364974544533]}, "graph_error": {"mean": [NaN, 0.24583072796883457, 0.11457600430561958, 0.06484201980576848, 0.038319400822907315], "lower": [NaN, 0.10551212096123151, 0.07212794812868269, 0.04562599477939076, 0.026913553551235724], "upper": [NaN, 0.5926073946807113, 0.329830374447019, 0.10238096330980853, 0.0652106121524868]}, "total_time": 10365.260371208191}}